"Qty";"Value";"Device";"Package";"Parts";"Description";"COPYRIGHT";"DESCRIPTION";"DIGI-KEY_PART_NUMBER";"DIGI-KEY_PART_NUMBER_1";"DIGI-KEY_PART_NUMBER_2";"DIGI-KEY_PART_NUMBER_3";"MANUFACTURER_PART_NUMBER";"MF";"MFR_NAME";"MP";"PACKAGE";
"2";"100nF";"CAP_CERAMIC-0402";"0402";"C1, C4";"Ceramic Capacitors";"";"";"";"";"";"";"";"";"";"";"";
"3";"10k";"RESISTOR-0402";"0402";"R1, R2, R4";"Resistors";"";"";"";"";"";"";"";"";"";"";"";
"1";"150R";"RESISTOR-0402";"0402";"R8";"Resistors";"";"";"";"";"";"";"";"";"";"";"";
"1";"1k@100MHz";"FERRITE-BEAD-0402";"0402";"FB1";"Ferrite Beads";"";"";"";"";"";"";"";"";"";"";"";
"2";"220R";"RESISTOR-0402";"0402";"R3, R5";"Resistors";"";"";"";"";"";"";"";"";"";"";"";
"1";"33pF";"CAP_CERAMIC-0402";"0402";"C6";"Ceramic Capacitors";"";"";"";"";"";"";"";"";"";"";"";
"2";"4.7uF";"CAP_CERAMIC-0402";"0402";"C2, C3";"Ceramic Capacitors";"";"";"";"";"";"";"";"";"";"";"";
"1";"470R";"RESISTOR-0402";"0402";"R6";"Resistors";"";"";"";"";"";"";"";"";"";"";"";
"1";"BAT54S-23-3";"BAT54S-23-3";"SOT23-3";"D2";"B54S two Schottky Diodes";"";"";"";"";"";"";"";"";"";"";"";
"1";"C108793";"LED-RGB-2121-CA";"LED-RGB-2121";"D1";"RGB LED, common anode";"";"";"";"";"";"";"";"";"";"";"";
"2";"GND";"JACDAC-M3-GND";"M3-HOLE-GND";"J3, J4";"Jacdac mounting Hole M3";"";"";"";"";"";"";"";"";"";"";"";
"1";"HACK-CONNECT-5";"HACK-CONNECT-5";"HC5-22-62";"J5";"";"";"";"";"";"";"";"";"";"";"";"";
"2";"JACDAC-EDGE-OUTIE";"JACDAC-EDGE-OUTIE";"JD-EDGE-OUTIE";"JD1, JD2";"";"";"";"";"";"";"";"";"";"";"";"";
"1";"JD";"JACDAC-M3-DATA";"M3-HOLE-DATA";"J1";"Jacdac mounting Hole M3";"";"";"";"";"";"";"";"";"";"";"";
"1";"LPS33HWTR";"LPS33HWTR";"PQFN60P330X330X290-11N";"IC1";"Pressure Sensor";"";" Pressure Sensor 3.77PSI ~ 18.27PSI (26kPa ~ 126kPa) Absolute 24 b LGA ";"497-17590-1-ND";"";"";"";"";"STMicroelectronics";"";"LPS33HWTR";"LGA STMicroelectronics";
"1";"MILADOR-JACDAC-DEVICE-LPS33HW";"MILADOR-JACDAC-DEVICE-LPS33HW";"JACDAC-LPS33HW";"LABEL_LPS33";"";"";"";"";"";"";"";"";"";"";"";"";
"1";"MILADOR-JACDAC-DEVICE-PS";"MILADOR-JACDAC-DEVICE-PS";"JACDAC-PRESSURE-SENSOR";"LABEL_DEVICE";"";"";"";"";"";"";"";"";"";"";"";"";
"1";"MILADOR-LOGO-SM";"MILADOR-LOGO-SM";"MILADOR_LOGO2";"LABEL_LOGO1";"";"";"";"";"";"";"";"";"";"";"";"";
"1";"MILADOR-QR-CODE-JACDAC-GITHUB-PS";"MILADOR-QR-CODE-JACDAC-GITHUB-PS";"MILADOR_QR_JACDAC_PS";"LABEL_QRCODE";"";"";"";"";"";"";"";"";"";"";"";"";
"1";"MMC_LOGO-XSM";"MMC_LOGO-XSM";"MMC_X-SMALL_LOGO";"LABEL_LOGO2";"";"";"";"";"";"";"";"";"";"";"";"";
"1";"PWR";"JACDAC-M3-PWR";"M3-HOLE-PWR";"J2";"Jacdac mounting Hole M3";"";"";"";"";"";"";"";"";"";"";"";
"2";"RCLAMP0521PATCT";"DIODE-ZENER-AA-RCLAMP0521PATCT";"DIODE-ZENER-0402";"D3, D4";"";"Copyright (C) 2021 Ultra Librarian. All rights reserved.";"";"";"RCLAMP0521PACT-ND";"RCLAMP0521PADKR-ND";"RCLAMP0521PATR-ND";"RCLAMP0521PATCT";"";"Semtech";"";"";
"1";"STM32G030F6P6";"STM32G030F8P6";"SOP65P640X120-20N";"IC2";"STM32G030F6P6 TSSOP-20";"";"";"";"";"";"";"";"";"";"";"";
"1";"XC6206";"XC6206";"SOT23-3-W";"U1";"";"";"";"";"";"";"";"";"";"";"";"";
