"Qty";"Value";"Device";"Package";"Parts";"Description";"AVAILABILITY";"BOM";"COPYRIGHT";"DESCRIPTION";"DIGI-KEY_PART_NUMBER";"DIGI-KEY_PART_NUMBER_1";"DIGI-KEY_PART_NUMBER_2";"DIGI-KEY_PART_NUMBER_3";"DIGI-KEY_PART_NUMBER_4";"DIGI-KEY_PART_NUMBER_5";"MANUFACTURER_PART_NUMBER";"MF";"MFR_NAME";"MOUSER";"MP";"PACKAGE";"PRICE";"PURCHASE-URL";
"1";"0.1uF";"CAP_CERAMIC-0603-NO";"0603-NO";"C1";"Ceramic Capacitors";"";"";"";"";"";"";"";"";"";"";"";"";"";"";"";"";"";"";
"1";"150";"RESISTOR-0603";"0603";"R3";"Resistors";"";"";"";"";"";"";"";"";"";"";"";"";"";"";"";"";"";"";
"1";"1uF";"CAP_CERAMIC-0603";"0603";"C5";"Ceramic Capacitors";"";"";"";"";"";"";"";"";"";"";"";"";"";"";"";"";"";"";
"2";"1uF";"CAP_CERAMIC-0603-NO";"0603-NO";"C2, C4";"Ceramic Capacitors";"";"";"";"";"";"";"";"";"";"";"";"";"";"";"";"";"";"";
"1";"220";"RESISTOR-0603";"0603";"R4";"Resistors";"";"";"";"";"";"";"";"";"";"";"";"";"";"";"";"";"";"";
"2";"30";"RESISTOR-0603";"0603";"R1, R2";"Resistors";"";"";"";"";"";"";"";"";"";"";"";"";"";"";"";"";"";"";
"1";"33pF";"CAP_CERAMIC-0603";"0603";"C3";"Ceramic Capacitors";"";"";"";"";"";"";"";"";"";"";"";"";"";"";"";"";"";"";
"2";"4.7K";"RESISTOR-0603";"0603";"R5, R6";"Resistors";"";"";"";"";"";"";"";"";"";"";"";"";"";"";"";"";"";"";
"1";"800mA 1kR";"FERRITE-BEAD-0603-NO";"0603-NO";"FB1";"Ferrite Beads";"";"";"";"";"";"";"";"";"";"";"";"";"";"";"";"";"";"";
"1";"BAT54S,235";"BAT54S,235";"SOT23-3";"U4";"BAT54S,235 Schottky Diode";"";"";"";" N-Channel 50V 200mA (Ta) 300mW (Ta) Surface Mount SOT-23-3 ";"";"";"";"";"";"";"";"Diodes";"";"";"BSS138-7-F";"SOT-23-3 Fairchild Semiconductor";"None";"https://pricing.snapeda.com/search/part/BSS138-7-F/?ref=eda";
"1";"JACDAC-DEVICE-LPS33HW";"JACDAC-DEVICE-LPS33HW";"JACDAC-LPS33HW";"U$1";"";"";"";"";"";"";"";"";"";"";"";"";"";"";"";"";"";"";"";
"1";"JACDAC-DEVICE-PS";"JACDAC-DEVICE-PS";"JACDAC-PRESSURE-SENSOR";"LABEL2";"";"";"";"";"";"";"";"";"";"";"";"";"";"";"";"";"";"";"";
"1";"JACDAC_EDGE_CONN-INNIE";"JACDAC_EDGE_CONN-INNIE";"JACDAC-EDGE-CONN-INNIE";"J1";"Jadac Edge Connector";"";"";"";"";"";"";"";"";"";"";"";"";"";"";"";"";"";"";
"1";"LED-HSMF-C114";"LED-HSMF-C114";"DIOSC160X150X35-4N";"D1";"LED Tri-Color Blue/Green/Red 468nm/523nm/637nm 4-Pin Chip LED T/R Check prices";"";"";"";" Red, Green, Blue (RGB) 626nm Red, 525nm Green, 470nm Blue LED Indication - Discrete 1.9V Red, 3.4V Green, 3.4V Blue 0606 (1616 Metric) ";"";"";"";"";"";"";"";"Broadcom Limited";"";"";"HSMF-C114";"0606 Avago";"None";"https://pricing.snapeda.com/search/part/HSMF-C114/?ref=eda";
"1";"LPS33HWTR";"LPS33HWTR";"PQFN60P330X330X290-11N";"U3";"Pressure Sensor";"";"";"";" Pressure Sensor 3.77PSI ~ 18.27PSI (26kPa ~ 126kPa) Absolute 24 b LGA ";"497-17590-1-ND";"";"";"";"";"";"";"STMicroelectronics";"";"";"LPS33HWTR";"LGA STMicroelectronics";"";"";
"1";"MILADOR-LOGO-";"MILADOR-LOGO-";"MILADOR_LOGO1";"LABEL3";"";"";"";"";"";"";"";"";"";"";"";"";"";"";"";"";"";"";"";
"1";"MMC_LOGO-SM";"MMC_LOGO-SM";"MMC_SMALL_LOGO";"MMC_LOGO";"";"";"";"";"";"";"";"";"";"";"";"";"";"";"";"";"";"";"";
"4";"MOUNTINGHOLE2.5";"MOUNTINGHOLE2.5";"MOUNTINGHOLE_2.5_PLATED";"H1, H2, H3, H4";"Mounting Hole";"";"EXCLUDE";"";"";"";"";"";"";"";"";"";"";"";"";"";"";"";"";
"1";"NCP114ASN330T1G";"NCP114ASN330T1G";"TSOP-5_ONS";"U1";"";"";"";"Copyright (C) 2021 Ultra Librarian. All rights reserved.";"";"";"2156-NCP114ASN330T1G-ND";"2156-NCP114ASN330T1G-OS-ND";"NCP114ASN330T1GOSCT-ND";"NCP114ASN330T1GOSDKR-ND";"NCP114ASN330T1GOSTR-ND";"NCP114ASN330T1G";"";"ON Semiconductor";"";"";"";"";"";
"2";"RCLAMP0521PATCT";"DIODE-ZENER-STS521050BL90";"SOD-523";"D2, D3";"";"";"";"";"";"";"";"";"";"";"";"";"";"";"";"";"";"";"";
"1";"STM32F042F6P6";"STM32F042F6P6";"TSSOP20";"U2";"";"";"";"";"";"";"";"";"";"";"";"";"";"";"511-STM32F042F6P6";"";"";"";"";
"1";"SWD-ADAPTER-";"SWD-ADAPTER-";"SWD-ADAPTER";"J2";"";"";"";"";"";"";"";"";"";"";"";"";"";"";"";"";"";"";"";
